{"version": "1", "message": "ERROR: Hidden Testcases server unreachable.", "problem_id": "ads2_m16_a1_1", "user_id": "heerak205", "score": {"sample": {"0": {"execution_time": 0.43569087982177734, "passed": true}, "1": {"execution_time": 0.40535497665405273, "passed": true}, "2": {"execution_time": 1.5352110862731934, "passed": true}, "3": {"execution_time": 1.5473439693450928, "passed": true}, "4": {"execution_time": 1.5543220043182373, "passed": true}, "5": {"execution_time": 1.5800650119781494, "passed": true}, "6": {"execution_time": 1.5860512256622314, "passed": true}, "7": {"execution_time": 1.5680551528930664, "passed": true}, "8": {"execution_time": 0.5123701095581055, "passed": true}, "9": {"execution_time": 1.5573859214782715, "passed": true}, "10": {"execution_time": 1.5394508838653564, "passed": true}, "11": {"execution_time": 4.761379718780518, "passed": true}, "12": {"execution_time": 1.8162167072296143, "passed": true}, "13": {"execution_time": 0.4020857810974121, "passed": true}, "14": {"execution_time": 1.6491320133209229, "passed": true}, "15": {"execution_time": 1.667382001876831, "passed": true}, "16": {"execution_time": 0.5095548629760742, "passed": true}, "17": {"execution_time": 0.48777294158935547, "passed": true}, "18": {"execution_time": 0.4897799491882324, "passed": true}, "19": {"execution_time": 0.4940822124481201, "passed": true}, "20": {"execution_time": 0.5417163372039795, "passed": true}, "21": {"execution_time": 0.4944498538970947, "passed": true}, "22": {"execution_time": 0.4991881847381592, "passed": true}, "23": {"execution_time": 0.5345799922943115, "passed": true}, "24": {"execution_time": 0.3128221035003662, "passed": true}, "25": {"execution_time": 1.6199641227722168, "passed": true}, "26": {"execution_time": 1.1739542484283447, "passed": true}, "27": {"execution_time": 1.607508897781372, "passed": true}, "28": {"execution_time": 2.923856735229492, "passed": true}, "29": {"execution_time": 0.33042001724243164, "passed": true}}}, "check_style_score": "0/1"}