{"version": "1", "message": "ERROR: Hidden Testcases server unreachable.", "problem_id": "ads2_m16_a1_1", "user_id": "heerak205", "score": {"sample": {"0": {"execution_time": 0.4037938117980957, "passed": false}, "1": {"execution_time": 0.32235193252563477, "passed": false}, "2": {"execution_time": 0.5725679397583008, "passed": false}, "3": {"execution_time": 0.5665309429168701, "passed": false}, "4": {"execution_time": 0.6262481212615967, "passed": false}, "5": {"execution_time": 0.6102778911590576, "passed": false}, "6": {"execution_time": 0.5903220176696777, "passed": false}, "7": {"execution_time": 0.5738787651062012, "passed": false}, "8": {"execution_time": 0.4078409671783447, "passed": false}, "9": {"execution_time": 0.5792279243469238, "passed": false}, "10": {"execution_time": 0.6119098663330078, "passed": false}, "11": {"execution_time": 0.29656195640563965, "passed": false}, "12": {"execution_time": 0.5682938098907471, "passed": false}, "13": {"execution_time": 0.3095269203186035, "passed": true}, "14": {"execution_time": 0.558784008026123, "passed": false}, "15": {"execution_time": 0.5957920551300049, "passed": false}, "16": {"execution_time": 0.3681821823120117, "passed": false}, "17": {"execution_time": 0.36336827278137207, "passed": false}, "18": {"execution_time": 0.35735607147216797, "passed": false}, "19": {"execution_time": 0.3787038326263428, "passed": false}, "20": {"execution_time": 0.410045862197876, "passed": false}, "21": {"execution_time": 0.37729811668395996, "passed": false}, "22": {"execution_time": 0.373640775680542, "passed": false}, "23": {"execution_time": 0.364962100982666, "passed": false}, "24": {"execution_time": 0.32224297523498535, "passed": true}, "25": {"execution_time": 0.7710461616516113, "passed": false}, "26": {"execution_time": 0.6373200416564941, "passed": false}, "27": {"execution_time": 0.8802700042724609, "passed": false}, "28": {"execution_time": 0.7829980850219727, "passed": false}, "29": {"execution_time": 0.39756011962890625, "passed": false}}}, "check_style_score": "0/1"}