{"version": "1", "message": "ERROR: Hidden Testcases server unreachable.", "problem_id": "ads2_m2_a1_1", "user_id": "heerak205", "score": {"sample": {"0": {"execution_time": 0.25752997398376465, "passed": true}, "1": {"execution_time": 0.24260711669921875, "passed": true}, "2": {"execution_time": 0.22875642776489258, "passed": true}, "3": {"execution_time": 0.22852706909179688, "passed": true}, "4": {"execution_time": 0.22336411476135254, "passed": true}, "5": {"execution_time": 0.22703099250793457, "passed": true}, "6": {"execution_time": 0.22997283935546875, "passed": true}, "7": {"execution_time": 0.2252211570739746, "passed": true}, "8": {"execution_time": 0.22530269622802734, "passed": true}, "9": {"execution_time": 0.22423100471496582, "passed": true}, "10": {"execution_time": 0.22443485260009766, "passed": true}, "11": {"execution_time": 0.22916698455810547, "passed": true}, "12": {"execution_time": 0.22301506996154785, "passed": true}, "13": {"execution_time": 0.23358988761901855, "passed": true}, "14": {"execution_time": 0.22980213165283203, "passed": true}, "15": {"execution_time": 0.2576138973236084, "passed": true}, "16": {"execution_time": 0.25389695167541504, "passed": true}, "17": {"execution_time": 0.3093748092651367, "passed": true}, "18": {"execution_time": 0.2934689521789551, "passed": true}, "19": {"execution_time": 0.3146491050720215, "passed": true}, "20": {"execution_time": 0.34224605560302734, "passed": true}, "21": {"execution_time": 0.23079681396484375, "passed": true}, "22": {"execution_time": 0.5076861381530762, "passed": true}, "23": {"execution_time": 0.4752929210662842, "passed": true}}}, "check_style_score": "0/1"}