{"version": "1", "message": "ERROR: Hidden Testcases server unreachable.", "problem_id": "ads2_m2_a1_1", "user_id": "heerak205", "score": {"sample": {"0": {"execution_time": 0.2631349563598633, "passed": true}, "1": {"execution_time": 0.22439193725585938, "passed": true}, "2": {"execution_time": 0.2257399559020996, "passed": true}, "3": {"execution_time": 0.22677206993103027, "passed": true}, "4": {"execution_time": 0.22226262092590332, "passed": true}, "5": {"execution_time": 0.2253739833831787, "passed": true}, "6": {"execution_time": 0.22790789604187012, "passed": true}, "7": {"execution_time": 0.22405672073364258, "passed": true}, "8": {"execution_time": 0.2245330810546875, "passed": true}, "9": {"execution_time": 0.22385406494140625, "passed": true}, "10": {"execution_time": 0.22467398643493652, "passed": true}, "11": {"execution_time": 0.22928619384765625, "passed": true}, "12": {"execution_time": 0.22351884841918945, "passed": true}, "13": {"execution_time": 0.22808074951171875, "passed": true}, "14": {"execution_time": 0.23308968544006348, "passed": true}, "15": {"execution_time": 0.2588510513305664, "passed": true}, "16": {"execution_time": 0.257047176361084, "passed": true}, "17": {"execution_time": 0.30622196197509766, "passed": true}, "18": {"execution_time": 0.302170991897583, "passed": true}, "19": {"execution_time": 0.31962084770202637, "passed": true}, "20": {"execution_time": 0.3458690643310547, "passed": true}, "21": {"execution_time": 0.2296900749206543, "passed": true}, "22": {"execution_time": 0.5125031471252441, "passed": true}, "23": {"execution_time": 0.4765632152557373, "passed": true}}}, "check_style_score": "0/1"}