{"version": "1", "message": "ERROR: Hidden Testcases server unreachable.", "problem_id": "ads2_m2_a1_1", "user_id": "heerak205", "score": {"sample": {"0": {"execution_time": 0.3210899829864502, "passed": true}, "1": {"execution_time": 0.2280430793762207, "passed": true}, "2": {"execution_time": 0.22966766357421875, "passed": true}, "3": {"execution_time": 0.22442102432250977, "passed": true}, "4": {"execution_time": 0.23598074913024902, "passed": true}, "5": {"execution_time": 0.23362421989440918, "passed": true}, "6": {"execution_time": 0.22319793701171875, "passed": true}, "7": {"execution_time": 0.22242999076843262, "passed": true}, "8": {"execution_time": 0.23922371864318848, "passed": true}, "9": {"execution_time": 0.2283611297607422, "passed": true}, "10": {"execution_time": 0.22625517845153809, "passed": true}, "11": {"execution_time": 0.22664284706115723, "passed": true}, "12": {"execution_time": 0.2271571159362793, "passed": true}, "13": {"execution_time": 0.22806668281555176, "passed": true}, "14": {"execution_time": 0.2257368564605713, "passed": true}, "15": {"execution_time": 0.2688608169555664, "passed": true}, "16": {"execution_time": 0.2568051815032959, "passed": true}, "17": {"execution_time": 0.3313751220703125, "passed": true}, "18": {"execution_time": 0.30571508407592773, "passed": true}, "19": {"execution_time": 0.32306408882141113, "passed": true}, "20": {"execution_time": 0.33559679985046387, "passed": true}, "21": {"execution_time": 0.2272472381591797, "passed": true}, "22": {"execution_time": 0.514423131942749, "passed": true}, "23": {"execution_time": 0.48033809661865234, "passed": true}}}, "check_style_score": "0/1"}