{"version": "1", "message": "ERROR: Hidden Testcases server unreachable.", "problem_id": "ads2_m2_a1_1", "user_id": "heerak205", "score": {"sample": {"0": {"execution_time": 0.2634727954864502, "passed": true}, "1": {"execution_time": 0.2388911247253418, "passed": true}, "2": {"execution_time": 0.2287578582763672, "passed": true}, "3": {"execution_time": 0.22176694869995117, "passed": true}, "4": {"execution_time": 0.22353100776672363, "passed": true}, "5": {"execution_time": 0.23530983924865723, "passed": true}, "6": {"execution_time": 0.23131179809570312, "passed": true}, "7": {"execution_time": 0.22399282455444336, "passed": true}, "8": {"execution_time": 0.22636818885803223, "passed": true}, "9": {"execution_time": 0.23688697814941406, "passed": true}, "10": {"execution_time": 0.24946928024291992, "passed": true}, "11": {"execution_time": 0.23346471786499023, "passed": true}, "12": {"execution_time": 0.22578907012939453, "passed": true}, "13": {"execution_time": 0.22552990913391113, "passed": true}, "14": {"execution_time": 0.22716069221496582, "passed": true}, "15": {"execution_time": 0.26737403869628906, "passed": true}, "16": {"execution_time": 0.2588071823120117, "passed": true}, "17": {"execution_time": 0.33357977867126465, "passed": true}, "18": {"execution_time": 0.3250000476837158, "passed": true}, "19": {"execution_time": 0.34842419624328613, "passed": true}, "20": {"execution_time": 0.3672749996185303, "passed": true}, "21": {"execution_time": 0.24636626243591309, "passed": true}, "22": {"execution_time": 0.5375559329986572, "passed": true}, "23": {"execution_time": 0.5017728805541992, "passed": true}}}, "check_style_score": "0/1"}